{
    "B\u00e5stad": [
        0.10810810810810811,
        0.08523908523908524,
        0.012474012474012475,
        0.008316008316008316,
        0.002079002079002079,
        0.008316008316008316,
        0.0,
        0.02079002079002079,
        0.04365904365904366,
        0.04781704781704782,
        0.0,
        0.0,
        0.11226611226611227,
        0.19750519750519752,
        0.02702702702702703,
        0.008316008316008316,
        0.035343035343035345,
        0.006237006237006237,
        0.010395010395010396,
        0.035343035343035345,
        0.02494802494802495,
        0.031185031185031187,
        0.006237006237006237,
        0.002079002079002079,
        0.0,
        0.006237006237006237,
        0.004158004158004158,
        0.006237006237006237,
        0.006237006237006237,
        0.010395010395010396,
        0.010395010395010396,
        0.008316008316008316,
        0.058212058212058215,
        0.008316008316008316,
        0.02494802494802495,
        0.010395010395010396,
        0.004158004158004158,
        0.0,
        0.008316008316008316
    ],
    "Esl\u00f6v": [
        0.4223826714801444,
        0.06438026474127558,
        0.0012033694344163659,
        0.0006016847172081829,
        0.0048134777376654635,
        0.0012033694344163659,
        0.005415162454873646,
        0.0030084235860409147,
        0.04151624548736462,
        0.036101083032490974,
        0.0,
        0.0,
        0.05114320096269555,
        0.12214199759326114,
        0.015643802647412757,
        0.006618531889290012,
        0.017448856799037304,
        0.0048134777376654635,
        0.00842358604091456,
        0.036101083032490974,
        0.013838748495788207,
        0.01263537906137184,
        0.007220216606498195,
        0.0018050541516245488,
        0.0030084235860409147,
        0.009626955475330927,
        0.00421179302045728,
        0.019855595667870037,
        0.006618531889290012,
        0.01022864019253911,
        0.006618531889290012,
        0.00842358604091456,
        0.025872442839951864,
        0.006016847172081829,
        0.007821901323706379,
        0.0018050541516245488,
        0.01022864019253911,
        0.0,
        0.0012033694344163659
    ],
    "Helsingborg": [
        0.2803841577426483,
        0.06127825939146694,
        0.013428522862485127,
        0.0032296447390787013,
        0.017338092809790925,
        0.030596634370219276,
        0.04572497025327214,
        0.010368859425463199,
        0.04224035356110828,
        0.009348971613122557,
        8.499065102838688e-05,
        0.0,
        0.053034166241713414,
        0.14626891041985382,
        0.019207887132415433,
        0.007394186639469658,
        0.033826279109297974,
        0.011558728539860615,
        0.009348971613122557,
        0.03255141934387217,
        0.01444841067482577,
        0.01963284038755737,
        0.009348971613122557,
        0.0018697943226245112,
        0.0017848036715961244,
        0.008244093149753527,
        0.009433962264150943,
        0.012153663097059323,
        0.009433962264150943,
        0.0064592894781574026,
        0.006544280129185789,
        0.011218765935747067,
        0.02558218595954445,
        0.004759476457589665,
        0.013683494815570288,
        0.0016998130205677375,
        0.012408635050144484,
        0.00016998130205677376,
        0.003909569947305796
    ],
    "H\u00e4ssleholm": [
        0.26052188552188554,
        0.05723905723905724,
        0.0,
        0.0008417508417508417,
        0.07996632996632996,
        0.006313131313131313,
        0.022727272727272728,
        0.004208754208754209,
        0.03198653198653199,
        0.020622895622895623,
        0.0,
        0.0,
        0.07407407407407407,
        0.12415824915824916,
        0.01430976430976431,
        0.01893939393939394,
        0.023148148148148147,
        0.007154882154882155,
        0.007154882154882155,
        0.02441077441077441,
        0.018518518518518517,
        0.01893939393939394,
        0.008417508417508417,
        0.0025252525252525255,
        0.010101010101010102,
        0.012626262626262626,
        0.007575757575757576,
        0.029461279461279462,
        0.008838383838383838,
        0.01430976430976431,
        0.021043771043771045,
        0.008838383838383838,
        0.021885521885521887,
        0.004629629629629629,
        0.00968013468013468,
        0.004629629629629629,
        0.016835016835016835,
        0.00042087542087542086,
        0.002946127946127946
    ],
    "H\u00f6rby": [
        0.4761570827489481,
        0.06030855539971949,
        0.0,
        0.002805049088359046,
        0.023842917251051893,
        0.0021037868162692847,
        0.01332398316970547,
        0.009817671809256662,
        0.016129032258064516,
        0.09256661991584852,
        0.0007012622720897616,
        0.0,
        0.061009817671809255,
        0.06451612903225806,
        0.011220196353436185,
        0.01332398316970547,
        0.012622720897615708,
        0.0021037868162692847,
        0.002805049088359046,
        0.011921458625525946,
        0.007713884992987377,
        0.006311360448807854,
        0.006311360448807854,
        0.001402524544179523,
        0.004207573632538569,
        0.0091164095371669,
        0.0035063113604488078,
        0.02314165497896213,
        0.0035063113604488078,
        0.019635343618513323,
        0.004908835904628331,
        0.0035063113604488078,
        0.01332398316970547,
        0.0007012622720897616,
        0.004908835904628331,
        0.0,
        0.009817671809256662,
        0.0,
        0.0007012622720897616
    ],
    "H\u00f6\u00f6r": [
        0.17391304347826086,
        0.07201086956521739,
        0.009510869565217392,
        0.005434782608695652,
        0.006793478260869565,
        0.009510869565217392,
        0.08288043478260869,
        0.002717391304347826,
        0.017663043478260868,
        0.029891304347826088,
        0.0,
        0.0,
        0.09239130434782608,
        0.11413043478260869,
        0.010869565217391304,
        0.009510869565217392,
        0.017663043478260868,
        0.004076086956521739,
        0.004076086956521739,
        0.029891304347826088,
        0.02717391304347826,
        0.029891304347826088,
        0.009510869565217392,
        0.002717391304347826,
        0.001358695652173913,
        0.012228260869565218,
        0.01358695652173913,
        0.024456521739130436,
        0.008152173913043478,
        0.02717391304347826,
        0.006793478260869565,
        0.024456521739130436,
        0.07472826086956522,
        0.001358695652173913,
        0.014945652173913044,
        0.002717391304347826,
        0.02309782608695652,
        0.0,
        0.002717391304347826
    ],
    "Klippan": [
        0.14788732394366197,
        0.07323943661971831,
        0.004225352112676056,
        0.0,
        0.008450704225352112,
        0.007042253521126761,
        0.009859154929577466,
        0.009859154929577466,
        0.07746478873239436,
        0.02535211267605634,
        0.0,
        0.0014084507042253522,
        0.07183098591549296,
        0.17746478873239438,
        0.030985915492957747,
        0.018309859154929577,
        0.02112676056338028,
        0.015492957746478873,
        0.008450704225352112,
        0.029577464788732393,
        0.022535211267605635,
        0.01971830985915493,
        0.011267605633802818,
        0.0,
        0.0,
        0.011267605633802818,
        0.008450704225352112,
        0.04788732394366197,
        0.014084507042253521,
        0.035211267605633804,
        0.016901408450704224,
        0.016901408450704224,
        0.023943661971830985,
        0.009859154929577466,
        0.004225352112676056,
        0.0028169014084507044,
        0.011267605633802818,
        0.0014084507042253522,
        0.004225352112676056
    ],